attach-session	attach	c:dEf:rt:x	0	0	3	[-dErx] [-c working-directory] [-f flags] [-t target-session]
bind-key	bind	nrN:T:	1	-1	4	[-nr] [-T key-table] [-N note] key [command [argument ...]]
break-pane	breakp	abdPF:n:s:t:Wx:X:y:Y:	0	0	0	[-abdPW] [-F format] [-n window-name] [-s src-pane] [-t dst-window] [-x width] [-y height] [-X x-position] [-Y y-position]
capture-pane	capturep	ab:CeE:FHIJLMNpPqRS:Tt:	0	0	4	[-aCeFHIJLMNpPqRT] [-b buffer-name] [-E end-line] [-S start-line] [-t target-pane]
choose-buffer		F:f:K:kNO:rt:yZ	0	1	0	[-kNrZ] [-F format] [-f filter] [-K key-format] [-O sort-order] [-t target-pane] [template]
choose-client		F:f:hiK:kNO:rt:yZ	0	1	0	[-hikNrZ] [-F format] [-f filter] [-K key-format] [-O sort-order] [-t target-pane] [template]
choose-tree		F:f:GhK:kNO:rst:wyZ	0	1	0	[-GhkNrswZ] [-F format] [-f filter] [-K key-format] [-O sort-order] [-t target-pane] [template]
clear-history	clearhist	Ht:	0	0	4	[-H] [-t target-pane]
clear-prompt-history	clearphist	T:	0	0	4	[-T prompt-type]
clock-mode		t:	0	0	4	[-t target-pane]
command-prompt		1CbeFiklI:NPp:t:T:	0	1	16	[-1CbeFiklNP] [-I inputs] [-p prompts] [-t target-client] [-T prompt-type] [template]
confirm-before	confirm	bc:p:t:y	1	1	16	[-by] [-c confirm-key] [-p prompt] [-t target-client] command
copy-mode		dekHMqSs:t:u	0	0	6	[-dekHMqSu] [-s src-pane] [-t target-pane]
customize-mode		F:f:kNt:yZ	0	0	0	[-kNZ] [-F format] [-f filter] [-t target-pane]
delete-buffer	deleteb	b:	0	0	4	[-b buffer-name]
detach-client	detach	aE:s:t:P	0	0	18	[-aP] [-E shell-command] [-s target-session] [-t target-client]
display-menu	menu	b:c:C:H:s:S:MOt:T:x:y:	1	-1	12	[-MO] [-b border-lines] [-c target-client] [-C starting-choice] [-H selected-style] [-s style] [-S border-style] [-t target-pane] [-T title] [-x position] [-y position] name [key] [command] ...
display-message	display	aCc:d:jlINpt:F:v	0	1	44	[-aCIjlNpv] [-c target-client] [-d delay] [-F format] [-t target-pane] [message]
display-popup	popup	Bb:Cc:d:e:Eh:ks:S:t:T:w:x:y:	0	-1	12	[-BCEk] [-b border-lines] [-c target-client] [-d start-directory] [-e environment] [-h height] [-s style] [-S border-style] [-t target-pane] [-T title] [-w width] [-x position] [-y position] [shell-command [argument ...]]
display-panes	displayp	d:kNs:t:Z	0	1	4	[-kNZ] [-d duration] [-s source-window] [-t target-pane] [template]
find-window	findw	CiNrt:TZ	1	1	0	[-CiNrTZ] [-t target-pane] match-string
has-session	has	t:	0	0	0	[-t target-session]
if-shell	if	bFt:	2	3	0	[-bF] [-t target-pane] shell-command command [command]
join-pane	joinp	bdfhvp:l:s:t:	0	0	0	[-bdfhv] [-l size] [-s src-pane] [-t dst-pane]
kill-pane	killp	af:t:	0	0	4	[-a] [-f filter] [-t target-pane]
kill-server			0	0	0	
kill-session		aCgf:t:	0	0	0	[-aCg] [-f filter] [-t target-session]
kill-window	killw	af:t:	0	0	0	[-a] [-f filter] [-t target-window]
last-pane	lastp	det:Z	0	0	0	[-deZ] [-t target-window]
last-window	last	t:	0	0	0	[-t target-session]
link-window	linkw	abdks:t:	0	0	0	[-abdk] [-s src-window] [-t dst-window]
list-buffers	lsb	F:f:O:r	0	0	4	[-F format] [-f filter] [-O order]
list-clients	lsc	F:f:O:rt:	0	0	6	[-F format] [-f filter] [-O order][-t target-session]
list-commands	lscm	F:	0	1	5	[-F format] [command]
list-keys	lsk	1aF:NO:P:rT:	0	1	5	[-1aNr] [-F format] [-O order] [-P prefix-string][-T key-table] [key]
list-panes	lsp	aF:f:O:rst:	0	0	4	[-asr] [-F format] [-f filter] [-O order][-t target-window]
list-sessions	ls	F:f:O:r	0	0	4	[-r] [-F format] [-f filter] [-O order]
list-windows	lsw	aF:f:O:rt:	0	0	4	[-ar] [-F format] [-f filter] [-O order][-t target-session]
load-buffer	loadb	b:t:w	1	1	52	[-b buffer-name] [-t target-client] path
lock-client	lockc	t:	0	0	20	[-t target-client]
lock-server	lock		0	0	4	
lock-session	locks	t:	0	0	4	[-t target-session]
move-pane	movep	bdD::fhMvl:L::P:R::s:t:U::X:Y:z:	0	0	0	[-bdfhMv] [-D lines] [-l size] [-L columns] [-P position] [-R columns] [-s src-pane] [-t dst-pane] [-U lines] [-X x-position] [-Y y-position] [-z z-index]
move-window	movew	abdkrs:t:	0	0	0	[-abdkr] [-s src-window] [-t dst-window]
new-pane	newp	AbB:Cc:Dde:EfF:hIkl:KLMm:Op:PR:s:S:t:T:vWx:X:y:Y:Z	0	-1	0	[-AbCDefhIkKLMOPvWZ] [-B border-lines] [-c start-directory] [-e environment] [-F format] [-l size] [-m message] [-p percentage] [-s style] [-S active-border-style] [-R inactive-border-style] [-T title] [-x width] [-y height] [-X x-position] [-Y y-position] [-t target-pane] [shell-command [argument ...]]
new-session	new	Ac:dDe:EF:f:n:Ps:t:x:Xy:	0	-1	1	[-AdDEPX] [-c start-directory] [-e environment] [-F format] [-f flags] [-n window-name] [-s session-name] [-t target-session] [-x width] [-y height] [shell-command [argument ...]]
new-window	neww	abc:de:EF:kn:PSt:	0	-1	0	[-abdEkPS] [-c start-directory] [-e environment] [-F format] [-n window-name] [-t target-window] [shell-command [argument ...]]
next-layout	nextl	t:	0	0	4	[-t target-window]
next-window	next	at:	0	0	0	[-a] [-t target-session]
paste-buffer	pasteb	db:prSs:t:	0	0	4	[-dprS] [-s separator] [-b buffer-name] [-t target-pane]
pipe-pane	pipep	IOot:	0	1	4	[-IOo] [-t target-pane] [shell-command]
previous-layout	prevl	t:	0	0	4	[-t target-window]
previous-window	prev	at:	0	0	0	[-a] [-t target-session]
refresh-client	refresh	A:B:cC:Df:r:F:lLRSt:U	0	1	20	[-cDlLRSU] [-A pane:state] [-B name:what:format] [-C XxY] [-f flags] [-r pane:report] [-t target-client] [adjustment]
rename-session	rename	t:	1	1	4	[-t target-session] new-name
rename-window	renamew	t:	1	1	4	[-t target-window] new-name
resize-pane	resizep	D::L::MR::Tt:U::x:y:Z	0	1	4	[-MTZ] [-D lines] [-L columns] [-R columns] [-U lines] [-x width] [-y height] [-t target-pane]
resize-window	resizew	aADLRt:Ux:y:	0	1	4	[-aADLRU] [-x width] [-y height] [-t target-window] [adjustment]
respawn-pane	respawnp	c:e:Ekt:	0	-1	0	[-Ek] [-c start-directory] [-e environment] [-t target-pane] [shell-command [argument ...]]
respawn-window	respawnw	c:e:Ekt:	0	-1	0	[-Ek] [-c start-directory] [-e environment] [-t target-window] [shell-command [argument ...]]
rotate-window	rotatew	Dt:UZ	0	0	0	[-DUZ] [-t target-window]
run-shell	run	bd:Ct:Es:c:	0	-1	0	[-bCE] [-c start-directory] [-d delay] [-t target-pane] [shell-command [argument ...]]
save-buffer	saveb	ab:	1	1	4	[-a] [-b buffer-name] path
select-layout	selectl	Enopt:	0	1	4	[-Enop] [-t target-pane] [layout-name]
select-pane	selectp	DdegLlMmP:RT:t:UZ	0	0	0	[-DdeLlMmRUZ] [-T title] [-t target-pane]
select-window	selectw	lnpTt:	0	0	0	[-lnpT] [-t target-window]
send-keys	send	c:FHKlMN:Rt:X	0	-1	46	[-FHKlMRX] [-c target-client] [-N repeat-count] [-t target-pane] [key ...]
send-prefix		2t:	0	0	4	[-2] [-t target-pane]
server-access		adglrw	0	1	32	[-adglrw] [-t target-pane] [user|group]
set-buffer	setb	ab:t:n:w	0	1	52	[-aw] [-b buffer-name] [-n new-buffer-name] [-t target-client] [data]
set-environment	setenv	Fhgrt:u	1	2	4	[-Fhgru] [-t target-session] variable [value]
set-hook		agpERTt:uB:w	0	2	4	[-agpERTuw] [-B name:what:format] [-t target-pane] [hook] [command]
set-option	set	aFgopqst:uUw	1	2	4	[-aFgopqsuUw] [-t target-pane] option [value]
set-window-option	setw	aFgoqt:u	1	2	4	[-aFgoqu] [-t target-window] option [value]
show-buffer	showb	b:	0	0	4	[-b buffer-name]
show-environment	showenv	hgst:	0	1	4	[-hgs] [-t target-session] [variable]
show-hooks		BF:gpt:w	0	1	4	[-Bgpw] [-F format] [-t target-pane] [hook]
show-messages	showmsgs	JTt:	0	0	52	[-JT] [-t target-client]
show-options	show	AgF:Hpqst:vw	0	1	4	[-AgHpqsvw] [-F format] [-t target-pane] [option]
show-prompt-history	showphist	T:	0	0	4	[-T prompt-type]
show-window-options	showw	F:gvt:	0	1	4	[-gv] [-F format] [-t target-window] [option]
source-file	source	t:Fnqv	1	-1	0	[-Fnqv] [-t target-pane] path ...
split-window	splitw	bB:c:de:EfF:hIkl:m:p:PR:s:S:t:T:vWZ	0	-1	0	[-bdefhIklPvWZ] [-B border-lines] [-c start-directory] [-e environment] [-F format] [-l size] [-m message] [-p percentage] [-s style] [-S active-border-style] [-R inactive-border-style] [-T title] [-t target-pane] [shell-command [argument ...]]
start-server	start		0	0	1	
suspend-client	suspendc	t:	0	0	16	[-t target-client]
swap-pane	swapp	dDs:t:UZ	0	0	0	[-dDUZ] [-s src-pane] [-t dst-pane]
swap-window	swapw	ds:t:	0	0	4	[-d] [-s src-window] [-t dst-window]
switch-client	switchc	c:EFlnO:pt:rT:Z	0	0	10	[-ElnprZ] [-c target-client] [-t target-session] [-T key-table] [-O order]
switch-mode		F:kst:wZ	0	1	0	[-kswZ] [-F format] [-t target-pane] [command]
unbind-key	unbind	anqT:	0	1	4	[-anq] [-T key-table] key
unlink-window	unlinkw	kt:	0	0	0	[-k] [-t target-window]
wait-for	wait	EF:LSUlvw:	1	1	0	[-ELSUlv] [-F format] [-w waiter] name
